{
	"class_name" : "PinholeCameraParameters",
	"extrinsic" : 
	[
		0.8439931647897968,
		-0.36489408148815955,
		0.3931003015554877,
		0.0,
		0.3879080525143761,
		0.92142428917832975,
		0.022463795465456987,
		0.0,
		-0.37040907194965811,
		0.13352748259112146,
		0.91922115446190145,
		0.0,
		0.090566182618894875,
		-0.010861246739690619,
		0.58715121507016899,
		1.0
	],
	"intrinsic" : 
	{
		"height" : 1016,
		"intrinsic_matrix" : 
		[
			2881.0111643657965,
			0.0,
			0.0,
			0.0,
			2881.0111643657965,
			0.0,
			923.5,
			507.5,
			1.0
		],
		"width" : 1848
	},
	"version_major" : 1,
	"version_minor" : 0
}